symbol,exchange,affidabilita
1COV.ETR,ETR,confermato
A.NYSE,NYSE,confermato
AA.NYSE,NYSE,confermato
AAL.LSE,LSE,confermato
AAL.NAS,NAS,confermato
AALB.AMS,AMS,confermato
AAP.NYSE,NYSE,confermato
AAPL.NAS,NAS,confermato
AAT.NYSE,NYSE,confermato
AAXJ.NAS,NAS,confermato
ABBV.NYSE,NYSE,confermato
ABCB.NYSE,NYSE,confermato
ABEO.NAS,NAS,confermato
ABEV.NYSE,NYSE,confermato
ABF.LSE,LSE,confermato
ABM.NYSE,NYSE,confermato
ABN.AMS,AMS,confermato
ABNB.NAS,NAS,confermato
ABR.NYSE,NYSE,confermato
ABT.NYSE,NYSE,confermato
ABUS.NAS,NAS,confermato
AC.PAR,PAR,confermato
ACA.PAR,PAR,confermato
ACAD.NAS,NAS,confermato
ACB.NYSE,NYSE,confermato
ACH.NYSE,NYSE,confermato
ACI.NYSE,NYSE,confermato
ACLS.NAS,NAS,confermato
ACM.NYSE,NYSE,confermato
ACMR.NAS,NAS,confermato
ACN.NYSE,NYSE,confermato
ACP.NYSE,NYSE,confermato
ACS.MAD,MAD,confermato
ACWI.NAS,NAS,confermato
ACX.MAD,MAD,confermato
AD.AMS,AMS,confermato
ADAG.NAS,NAS,confermato
ADAM.NAS,NAS,confermato
ADBE.NAS,NAS,confermato
ADC.NYSE,NYSE,confermato
ADI.NAS,NAS,confermato
ADM.LSE,LSE,confermato
ADM.NYSE,NYSE,confermato
ADNT.NYSE,NYSE,confermato
ADP.NAS,NAS,confermato
ADPT.NAS,NAS,confermato
ADS.ETR,ETR,confermato
ADSK.NAS,NAS,confermato
ADT.NYSE,NYSE,confermato
ADUS.NAS,NAS,confermato
ADV.ETR,ETR,confermato
ADV.NAS,NAS,confermato
ADX.NYSE,NYSE,confermato
AEE.NYSE,NYSE,confermato
AEG.NYSE,NYSE,confermato
AEHR.NAS,NAS,confermato
AEM.NYSE,NYSE,confermato
AENA.MAD,MAD,confermato
AEO.NYSE,NYSE,confermato
AEP.NAS,NAS,confermato
AER.NYSE,NYSE,confermato
AES.NYSE,NYSE,confermato
AF.PAR,PAR,confermato
AFG.NYSE,NYSE,confermato
AFL.NYSE,NYSE,confermato
AFRM.NAS,NAS,confermato
AFX.ETR,ETR,confermato
AFYA.NAS,NAS,confermato
AG.NYSE,NYSE,confermato
AGCO.NYSE,NYSE,confermato
AGEN.NAS,NAS,confermato
AGI.NYSE,NYSE,confermato
AGN.AMS,AMS,confermato
AGNC.NAS,NAS,confermato
AGNT.NAS,NAS,confermato
AGRO.NYSE,NYSE,confermato
AHCO.NAS,NAS,confermato
AHG.NAS,NAS,confermato
AIG.NYSE,NYSE,confermato
AIN.NYSE,NYSE,confermato
AIR.PAR,PAR,confermato
AIRG.NAS,NAS,confermato
AIRS.NAS,NAS,confermato
AIV.NYSE,NYSE,confermato
AIXA.ETR,ETR,confermato
AIZ.NYSE,NYSE,confermato
AJG.NYSE,NYSE,confermato
AKAM.NAS,NAS,confermato
AKE.PAR,PAR,confermato
AKR.NYSE,NYSE,confermato
AKTX.NAS,NAS,confermato
AKZA.AMS,AMS,confermato
ALB.NYSE,NYSE,confermato
ALC.NYSE,NYSE,confermato
ALDX.NAS,NAS,confermato
ALEC.NAS,NAS,confermato
ALEX.NYSE,NYSE,confermato
ALG.NYSE,NYSE,confermato
ALGN.NAS,NAS,confermato
ALK.NYSE,NYSE,confermato
ALL.NYSE,NYSE,confermato
ALLE.NYSE,NYSE,confermato
ALLY.NYSE,NYSE,confermato
ALNY.NAS,NAS,confermato
ALO.PAR,PAR,confermato
ALRM.NAS,NAS,confermato
ALRS.NAS,NAS,confermato
ALT.NAS,NAS,confermato
ALTG.NYSE,NYSE,confermato
ALV.ETR,ETR,confermato
ALX.NYSE,NYSE,confermato
AM.NYSE,NYSE,confermato
AMAT.NAS,NAS,confermato
AMBA.NAS,NAS,confermato
AMCR.NYSE,NYSE,confermato
AMD.NAS,NAS,confermato
AME.NYSE,NYSE,confermato
AMG.NYSE,NYSE,confermato
AMGN.NAS,NAS,confermato
AMH.NYSE,NYSE,confermato
AML.LSE,LSE,confermato
AMP.NYSE,NYSE,confermato
AMR.NYSE,NYSE,confermato
AMRC.NYSE,NYSE,confermato
AMRX.NYSE,NYSE,confermato
AMS.MAD,MAD,confermato
AMT.NYSE,NYSE,confermato
AMTX.NAS,NAS,confermato
AMWL.NYSE,NYSE,confermato
AMX.NYSE,NYSE,confermato
AMZN.NAS,NAS,confermato
AN.NYSE,NYSE,confermato
ANA.MAD,MAD,confermato
ANDE.NAS,NAS,confermato
ANET.NYSE,NYSE,confermato
ANF.NYSE,NYSE,confermato
ANGI.NAS,NAS,confermato
ANTE.NAS,NAS,confermato
ANTO.LSE,LSE,confermato
AOD.NYSE,NYSE,confermato
AON.NYSE,NYSE,confermato
AOS.NYSE,NYSE,confermato
APA.NAS,NAS,confermato
APD.NYSE,NYSE,confermato
APH.NYSE,NYSE,confermato
APO.NYSE,NYSE,confermato
APPF.NAS,NAS,confermato
APPN.NAS,NAS,confermato
APTV.NYSE,NYSE,confermato
AR.NYSE,NYSE,confermato
ARAY.NAS,NAS,confermato
ARCC.NAS,NAS,confermato
ARCO.NYSE,NYSE,confermato
ARCT.NAS,NAS,confermato
ARE.NYSE,NYSE,confermato
ARMK.NYSE,NYSE,confermato
AROC.NYSE,NYSE,confermato
ARQ.NAS,NAS,confermato
ARR.NYSE,NYSE,confermato
ARW.NYSE,NYSE,confermato
ARWR.NAS,NAS,confermato
ASAN.NYSE,NYSE,confermato
ASH.NYSE,NYSE,confermato
ASIX.NYSE,NYSE,confermato
ASML.AMS,AMS,confermato
ASRNL.AMS,AMS,confermato
ASTE.NAS,NAS,confermato
ATEC.NAS,NAS,confermato
ATHM.NYSE,NYSE,confermato
ATI.NYSE,NYSE,confermato
ATO.NYSE,NYSE,confermato
ATO.PAR,PAR,confermato
ATRA.NAS,NAS,confermato
AU.NYSE,NYSE,confermato
AUTO.LSE,LSE,confermato
AV.LSE,LSE,confermato
AVAV.NAS,NAS,confermato
AVB.NYSE,NYSE,confermato
AVD.NYSE,NYSE,confermato
AVGO.NAS,NAS,confermato
AVK.NYSE,NYSE,confermato
AVT.NAS,NAS,confermato
AVTR.NYSE,NYSE,confermato
AVXL.NAS,NAS,confermato
AVY.NYSE,NYSE,confermato
AWK.NYSE,NYSE,confermato
AWP.NYSE,NYSE,confermato
AX.NYSE,NYSE,confermato
AXON.NAS,NAS,confermato
AXP.NYSE,NYSE,confermato
AXS.NYSE,NYSE,confermato
AXSM.NAS,NAS,confermato
AXTA.NYSE,NYSE,confermato
AYI.NYSE,NYSE,confermato
AYRO.NAS,NAS,confermato
AYTU.NAS,NAS,confermato
AZN.LSE,LSE,confermato
AZNCF.NAS,NAS,confermato
AZO.NYSE,NYSE,confermato
B.NYSE,NYSE,confermato
BA.LSE,LSE,confermato
BA.NYSE,NYSE,confermato
BABA.NYSE,NYSE,confermato
BAC.NYSE,NYSE,confermato
BAH.NYSE,NYSE,confermato
BAM.NYSE,NYSE,confermato
BARC.LSE,LSE,confermato
BAS.ETR,ETR,confermato
BATS.LSE,LSE,confermato
BAX.NYSE,NYSE,confermato
BAYN.ETR,ETR,confermato
BB.NYSE,NYSE,confermato
BBAR.NYSE,NYSE,confermato
BBD.NYSE,NYSE,confermato
BBIO.NAS,NAS,confermato
BBT.NYSE,NYSE,confermato
BBVA.MAD,MAD,confermato
BBW.NYSE,NYSE,confermato
BBY.NYSE,NYSE,confermato
BC.NYSE,NYSE,confermato
BC8.ETR,ETR,confermato
BCO.NYSE,NYSE,confermato
BCRX.NAS,NAS,confermato
BCS.NYSE,NYSE,confermato
BDC.NYSE,NYSE,confermato
BDEV.LSE,LSE,confermato
BDJ.NYSE,NYSE,confermato
BDN.NYSE,NYSE,confermato
BE.NYSE,NYSE,confermato
BEI.ETR,ETR,confermato
BEN.NYSE,NYSE,confermato
BFAM.NYSE,NYSE,confermato
BFH.NYSE,NYSE,confermato
BG.NYSE,NYSE,confermato
BGC.NAS,NAS,confermato
BHF.NAS,NAS,confermato
BHP.LSE,LSE,confermato
BIDU.NAS,NAS,confermato
BIIB.NAS,NAS,confermato
BIO.NYSE,NYSE,confermato
BIP.NYSE,NYSE,confermato
BIRD.NAS,NAS,confermato
BJ.NYSE,NYSE,confermato
BK.NYSE,NYSE,confermato
BKD.NYSE,NYSE,confermato
BKG.LSE,LSE,confermato
BKNG.NAS,NAS,confermato
BKR.NAS,NAS,confermato
BKR.NYSE,NYSE,confermato
BKT.MAD,MAD,confermato
BLDR.NAS,NAS,confermato
BLFS.NAS,NAS,confermato
BLK.NYSE,NYSE,confermato
BLMN.NAS,NAS,confermato
BLND.LSE,LSE,confermato
BLNK.NAS,NAS,confermato
BMI.NYSE,NYSE,confermato
BMRN.NAS,NAS,confermato
BMW.ETR,ETR,confermato
BMY.NYSE,NYSE,confermato
BN.PAR,PAR,confermato
BNGO.NAS,NAS,confermato
BNP.PAR,PAR,confermato
BNR.ETR,ETR,confermato
BNTX.NAS,NAS,confermato
BNY.NYSE,NYSE,confermato
BNZL.LSE,LSE,confermato
BOL.PAR,PAR,confermato
BOOT.NYSE,NYSE,confermato
BOSS.ETR,ETR,confermato
BOX.NYSE,NYSE,confermato
BP.LSE,LSE,confermato
BR.NYSE,NYSE,confermato
BRBY.LSE,LSE,confermato
BRKR.NAS,NAS,confermato
BRO.NYSE,NYSE,confermato
BRSL.NYSE,NYSE,confermato
BRX.NYSE,NYSE,confermato
BSAC.NYSE,NYSE,confermato
BSRR.NAS,NAS,confermato
BSX.NYSE,NYSE,confermato
BSY.NAS,NAS,confermato
BTA.LSE,LSE,confermato
BUD.NYSE,NYSE,confermato
BURL.NYSE,NYSE,confermato
BVI.PAR,PAR,confermato
BW.NYSE,NYSE,confermato
BWA.NYSE,NYSE,confermato
BX.NYSE,NYSE,confermato
BXMT.NYSE,NYSE,confermato
BXP.NYSE,NYSE,confermato
BYD.NYSE,NYSE,confermato
BYND.NAS,NAS,confermato
BZFD.NAS,NAS,confermato
BZUN.NAS,NAS,confermato
C.NYSE,NYSE,confermato
CA.PAR,PAR,confermato
CABK.MAD,MAD,confermato
CACC.NAS,NAS,confermato
CAG.NYSE,NYSE,confermato
CAH.NYSE,NYSE,confermato
CAKE.NAS,NAS,confermato
CAL.NYSE,NYSE,confermato
CALX.NYSE,NYSE,confermato
CAMP.NAS,NAS,confermato
CAN.NAS,NAS,confermato
CAP.PAR,PAR,confermato
CAR.NAS,NAS,confermato
CARR.NYSE,NYSE,confermato
CARS.NYSE,NYSE,confermato
CASS.NAS,NAS,confermato
CASY.NAS,NAS,confermato
CAT.NYSE,NYSE,confermato
CATO.NYSE,NYSE,confermato
CATY.NAS,NAS,confermato
CB.NYSE,NYSE,confermato
CBAN.NYSE,NYSE,confermato
CBK.ETR,ETR,confermato
CBRE.NYSE,NYSE,confermato
CBRL.NAS,NAS,confermato
CBU.NYSE,NYSE,confermato
CC.NYSE,NYSE,confermato
CCH.LSE,LSE,confermato
CCJ.NYSE,NYSE,confermato
CCK.NYSE,NYSE,confermato
CCL.NYSE,NYSE,confermato
CCU.NYSE,NYSE,confermato
CDE.NYSE,NYSE,confermato
CDI.PAR,PAR,confermato
CDLX.NAS,NAS,confermato
CDNS.NAS,NAS,confermato
CDP.NYSE,NYSE,confermato
CDW.NAS,NAS,confermato
CDXS.NAS,NAS,confermato
CE.NYSE,NYSE,confermato
CECO.NAS,NAS,confermato
CELC.NAS,NAS,confermato
CELH.NAS,NAS,confermato
CELU.NAS,NAS,confermato
CENN.NAS,NAS,confermato
CERS.NAS,NAS,confermato
CEVA.NAS,NAS,confermato
CF.NYSE,NYSE,confermato
CFG.NYSE,NYSE,confermato
CGC.NYSE,NYSE,confermato
CGNX.NAS,NAS,confermato
CHD.NYSE,NYSE,confermato
CHDN.NAS,NAS,confermato
CHE.NYSE,NYSE,confermato
CHEF.NAS,NAS,confermato
CHGG.NYSE,NYSE,confermato
CHI.NAS,NAS,confermato
CHKP.NAS,NAS,confermato
CHRN.NAS,NAS,confermato
CHRS.NAS,NAS,confermato
CHRW.NAS,NAS,confermato
CHTR.NAS,NAS,confermato
CHWY.NYSE,NYSE,confermato
CIBR.NAS,NAS,confermato
CIE.MAD,MAD,confermato
CIEN.NYSE,NYSE,confermato
CIG.NYSE,NYSE,confermato
CIM.NYSE,NYSE,confermato
CINF.NAS,NAS,confermato
CL.NYSE,NYSE,confermato
CLBT.NAS,NAS,confermato
CLDT.NYSE,NYSE,confermato
CLDX.NAS,NAS,confermato
CLF.NYSE,NYSE,confermato
CLNE.NAS,NAS,confermato
CLNX.MAD,MAD,confermato
CLRB.NAS,NAS,confermato
CLS.NYSE,NYSE,confermato
CLSK.NAS,NAS,confermato
CLX.NYSE,NYSE,confermato
CMC.NYSE,NYSE,confermato
CMCSA.NAS,NAS,confermato
CME.NAS,NAS,confermato
CMG.NYSE,NYSE,confermato
CMI.NYSE,NYSE,confermato
CMRE.NYSE,NYSE,confermato
CMS.NYSE,NYSE,confermato
CNA.LSE,LSE,confermato
CNC.NYSE,NYSE,confermato
CNDT.NAS,NAS,confermato
CNHI.NYSE,NYSE,confermato
CNK.NYSE,NYSE,confermato
CNMD.NYSE,NYSE,confermato
CNO.NYSE,NYSE,confermato
CNP.NYSE,NYSE,confermato
CNX.NYSE,NYSE,confermato
CO.PAR,PAR,confermato
COF.NYSE,NYSE,confermato
COIN.NAS,NAS,confermato
COK.ETR,ETR,confermato
COL.MAD,MAD,confermato
COLD.NYSE,NYSE,confermato
CON.ETR,ETR,confermato
COO.NAS,NAS,confermato
COP.ETR,ETR,confermato
COP.NYSE,NYSE,confermato
COR.NYSE,NYSE,confermato
COST.NAS,NAS,confermato
COTY.NYSE,NYSE,confermato
COUR.NYSE,NYSE,confermato
CPA.NYSE,NYSE,confermato
CPAC.NYSE,NYSE,confermato
CPB.NAS,NAS,confermato
CPG.LSE,LSE,confermato
CPI.LSE,LSE,confermato
CPRI.NYSE,NYSE,confermato
CPRT.NAS,NAS,confermato
CPRX.NAS,NAS,confermato
CPT.NYSE,NYSE,confermato
CRBP.NAS,NAS,confermato
CRH.LSE,LSE,confermato
CRI.NYSE,NYSE,confermato
CRK.NYSE,NYSE,confermato
CRL.NYSE,NYSE,confermato
CRM.NYSE,NYSE,confermato
CRNT.NAS,NAS,confermato
CRON.NAS,NAS,confermato
CROX.NAS,NAS,confermato
CRSP.NAS,NAS,confermato
CRSR.NAS,NAS,confermato
CRUS.NAS,NAS,confermato
CRWD.NAS,NAS,confermato
CS.PAR,PAR,confermato
CSCO.NAS,NAS,confermato
CSGP.NAS,NAS,confermato
CSIQ.NAS,NAS,confermato
CSR.NYSE,NYSE,confermato
CSTL.NAS,NAS,confermato
CSX.NAS,NAS,confermato
CTAS.NAS,NAS,confermato
CTKB.NAS,NAS,confermato
CTRM.NAS,NAS,confermato
CTSH.NAS,NAS,confermato
CTVA.NYSE,NYSE,confermato
CUBE.NYSE,NYSE,confermato
CUK.NYSE,NYSE,confermato
CURB.NYSE,NYSE,confermato
CUZ.NYSE,NYSE,confermato
CVCO.NAS,NAS,confermato
CVE.NYSE,NYSE,confermato
CVI.NYSE,NYSE,confermato
CVNA.NYSE,NYSE,confermato
CVS.NYSE,NYSE,confermato
CVSA.NYSE,NYSE,confermato
CVX.NYSE,NYSE,confermato
CW.NYSE,NYSE,confermato
CWCO.NAS,NAS,confermato
CWEN.NYSE,NYSE,confermato
CWST.NAS,NAS,confermato
CWT.NYSE,NYSE,confermato
CX.NYSE,NYSE,confermato
CYH.NYSE,NYSE,confermato
CYTK.NAS,NAS,confermato
CZR.NAS,NAS,confermato
D.NYSE,NYSE,confermato
DAL.NYSE,NYSE,confermato
DAN.NYSE,NYSE,confermato
DAR.NYSE,NYSE,confermato
DASH.NAS,NAS,confermato
DAVE.NAS,NAS,confermato
DB.NYSE,NYSE,confermato
DB1.ETR,ETR,confermato
DBI.NYSE,NYSE,confermato
DBK.ETR,ETR,confermato
DBP.NYSE,NYSE,confermato
DBRG.NYSE,NYSE,confermato
DBX.NAS,NAS,confermato
DCC.LSE,LSE,confermato
DCH.NYSE,NYSE,confermato
DCI.NYSE,NYSE,confermato
DDD.NYSE,NYSE,confermato
DDOG.NAS,NAS,confermato
DDS.NYSE,NYSE,confermato
DE.NYSE,NYSE,confermato
DECK.NYSE,NYSE,confermato
DEI.NYSE,NYSE,confermato
DELL.NYSE,NYSE,confermato
DEO.NYSE,NYSE,confermato
DEZ.ETR,ETR,confermato
DG.NYSE,NYSE,confermato
DG.PAR,PAR,confermato
DGE.LSE,LSE,confermato
DGX.NYSE,NYSE,confermato
DHI.NYSE,NYSE,confermato
DHR.NYSE,NYSE,confermato
DHT.NYSE,NYSE,confermato
DIN.NYSE,NYSE,confermato
DIS.NYSE,NYSE,confermato
DK.NYSE,NYSE,confermato
DKNG.NAS,NAS,confermato
DKS.NYSE,NYSE,confermato
DLR.NYSE,NYSE,confermato
DLTR.NAS,NAS,confermato
DNOW.NYSE,NYSE,confermato
DOC.NYSE,NYSE,confermato
DOCU.NAS,NAS,confermato
DOMO.NAS,NAS,confermato
DOV.NYSE,NYSE,confermato
DOW.NYSE,NYSE,confermato
DOX.NAS,NAS,confermato
DOYU.NAS,NAS,confermato
DPZ.NYSE,NYSE,confermato
DRH.NAS,NAS,confermato
DRI.ETR,ETR,confermato
DRI.NYSE,NYSE,confermato
DRW8.ETR,ETR,confermato
DSY.PAR,PAR,confermato
DT.NYSE,NYSE,confermato
DTE.ETR,ETR,confermato
DTE.NYSE,NYSE,confermato
DTIL.NAS,NAS,confermato
DUK.NYSE,NYSE,confermato
DVA.NYSE,NYSE,confermato
DVN.NYSE,NYSE,confermato
DVY.NAS,NAS,confermato
DWNI.ETR,ETR,confermato
DX.NYSE,NYSE,confermato
DXC.NYSE,NYSE,confermato
DXCM.NAS,NAS,confermato
EA.NAS,NAS,confermato
EAT.NYSE,NYSE,confermato
EBAY.NAS,NAS,confermato
EBS.NYSE,NYSE,confermato
EC.NYSE,NYSE,confermato
ECL.NYSE,NYSE,confermato
ECMPA.AMS,AMS,confermato
ED.NYSE,NYSE,confermato
EDEN.PAR,PAR,confermato
EDIT.NAS,NAS,confermato
EDU.NYSE,NYSE,confermato
EEFT.NAS,NAS,confermato
EFX.NYSE,NYSE,confermato
EG.NYSE,NYSE,confermato
EGAN.NAS,NAS,confermato
EGHT.NAS,NAS,confermato
EGO.NYSE,NYSE,confermato
EGP.NYSE,NYSE,confermato
EH.NAS,NAS,confermato
EHC.NYSE,NYSE,confermato
EHTH.NAS,NAS,confermato
EIX.NYSE,NYSE,confermato
EL.NYSE,NYSE,confermato
EL.PAR,PAR,confermato
ELAN.NYSE,NYSE,confermato
ELE.MAD,MAD,confermato
ELF.NYSE,NYSE,confermato
ELS.NYSE,NYSE,confermato
ELV.NYSE,NYSE,confermato
EMB.NAS,NAS,confermato
EME.NYSE,NYSE,confermato
EMG.LSE,LSE,confermato
EMN.NYSE,NYSE,confermato
EMR.NYSE,NYSE,confermato
EN.PAR,PAR,confermato
ENG.MAD,MAD,confermato
ENGI.PAR,PAR,confermato
ENPH.NAS,NAS,confermato
ENR.NYSE,NYSE,confermato
ENS.NYSE,NYSE,confermato
ENTG.NAS,NAS,confermato
EOAN.ETR,ETR,confermato
EOG.NYSE,NYSE,confermato
EOLS.NAS,NAS,confermato
EPAM.NYSE,NYSE,confermato
EPC.NYSE,NYSE,confermato
EPD.NYSE,NYSE,confermato
EPR.NYSE,NYSE,confermato
EPRT.NYSE,NYSE,confermato
EQH.NYSE,NYSE,confermato
EQIX.NAS,NAS,confermato
EQNR.NYSE,NYSE,confermato
EQR.NYSE,NYSE,confermato
EQT.NYSE,NYSE,confermato
ERIC.NAS,NAS,confermato
ERIE.NAS,NAS,confermato
ES.NYSE,NYSE,confermato
ESNT.NYSE,NYSE,confermato
ESRT.NYSE,NYSE,confermato
ESS.NYSE,NYSE,confermato
ESTC.NYSE,NYSE,confermato
ET.NYSE,NYSE,confermato
ETN.NYSE,NYSE,confermato
ETR.NYSE,NYSE,confermato
ETSY.NYSE,NYSE,confermato
EVER.NAS,NAS,confermato
EVK.ETR,ETR,confermato
EVO.NAS,NAS,confermato
EVRG.NAS,NAS,confermato
EVT.ETR,ETR,confermato
EW.NYSE,NYSE,confermato
EXC.NAS,NAS,confermato
EXEL.NAS,NAS,confermato
EXFY.NAS,NAS,confermato
EXK.NYSE,NYSE,confermato
EXLS.NAS,NAS,confermato
EXPD.NYSE,NYSE,confermato
EXPE.NAS,NAS,confermato
EXPN.LSE,LSE,confermato
EXPO.NAS,NAS,confermato
EXR.NYSE,NYSE,confermato
EZJ.LSE,LSE,confermato
F.NYSE,NYSE,confermato
FAF.NYSE,NYSE,confermato
FANG.NAS,NAS,confermato
FAST.NAS,NAS,confermato
FATE.NAS,NAS,confermato
FBHS.NYSE,NYSE,confermato
FBP.NYSE,NYSE,confermato
FCEL.NAS,NAS,confermato
FCN.NYSE,NYSE,confermato
FCPT.NYSE,NYSE,confermato
FCX.NYSE,NYSE,confermato
FDS.NYSE,NYSE,confermato
FDX.NYSE,NYSE,confermato
FE.NYSE,NYSE,confermato
FER.MAD,MAD,confermato
FFIV.NAS,NAS,confermato
FGR.PAR,PAR,confermato
FHN.NYSE,NYSE,confermato
FICO.NYSE,NYSE,confermato
FIEG.ETR,ETR,confermato
FIS.NYSE,NYSE,confermato
FISV.NAS,NAS,confermato
FIVE.NAS,NAS,confermato
FIVN.NAS,NAS,confermato
FIZZ.NAS,NAS,confermato
FLEX.NAS,NAS,confermato
FLNA.NAS,NAS,confermato
FLO.NYSE,NYSE,confermato
FLR.NYSE,NYSE,confermato
FLS.NYSE,NYSE,confermato
FLTR.LSE,LSE,confermato
FLWS.NAS,NAS,confermato
FMC.NYSE,NYSE,confermato
FME.ETR,ETR,confermato
FNAC.PAR,PAR,confermato
FNF.NYSE,NYSE,confermato
FNTN.ETR,ETR,confermato
FOLD.NAS,NAS,confermato
FOSL.NAS,NAS,confermato
FOUR.NYSE,NYSE,confermato
FOX.NAS,NAS,confermato
FOXA.NAS,NAS,confermato
FP.PAR,PAR,confermato
FPE3.ETR,ETR,confermato
FPI.NYSE,NYSE,confermato
FR.NYSE,NYSE,confermato
FR.PAR,PAR,confermato
FRA.ETR,ETR,confermato
FRE.ETR,ETR,confermato
FRES.LSE,LSE,confermato
FROG.NAS,NAS,confermato
FRPT.NAS,NAS,confermato
FRSX.NAS,NAS,confermato
FRT.NYSE,NYSE,confermato
FSK.NYSE,NYSE,confermato
FSLR.NAS,NAS,confermato
FSM.NYSE,NYSE,confermato
FTNT.NAS,NAS,confermato
FTV.NYSE,NYSE,confermato
FUN.NYSE,NYSE,confermato
FUR.AMS,AMS,confermato
FVRR.NYSE,NYSE,confermato
FWONA.NAS,NAS,confermato
FWONK.NAS,NAS,confermato
G1A.ETR,ETR,confermato
GAME.NAS,NAS,confermato
GAP.NYSE,NYSE,confermato
GASS.NAS,NAS,confermato
GBF.ETR,ETR,confermato
GD.NYSE,NYSE,confermato
GDDY.NYSE,NYSE,confermato
GDOT.NYSE,NYSE,confermato
GDRX.NAS,NAS,confermato
GE.NYSE,NYSE,confermato
GEF.NYSE,NYSE,confermato
GEL.NYSE,NYSE,confermato
GEO.NYSE,NYSE,confermato
GERN.NAS,NAS,confermato
GES.NYSE,NYSE,confermato
GEVO.NAS,NAS,confermato
GFI.NYSE,NYSE,confermato
GFS.NAS,NAS,confermato
GFT.ETR,ETR,confermato
GGB.NYSE,NYSE,confermato
GHC.NYSE,NYSE,confermato
GIB.NYSE,NYSE,confermato
GILD.NAS,NAS,confermato
GIS.NYSE,NYSE,confermato
GKOS.NYSE,NYSE,confermato
GL.NYSE,NYSE,confermato
GLAD.NAS,NAS,confermato
GLE.PAR,PAR,confermato
GLEN.LSE,LSE,confermato
GLPG.AMS,AMS,confermato
GLPI.NAS,NAS,confermato
GLW.NYSE,NYSE,confermato
GM.NYSE,NYSE,confermato
GME.NYSE,NYSE,confermato
GMED.NYSE,NYSE,confermato
GNK.NYSE,NYSE,confermato
GNL.NYSE,NYSE,confermato
GNPX.NAS,NAS,confermato
GNRC.NYSE,NYSE,confermato
GNTX.NAS,NAS,confermato
GNW.NYSE,NYSE,confermato
GO.NAS,NAS,confermato
GOGO.NAS,NAS,confermato
GOOD.NAS,NAS,confermato
GOOG.NAS,NAS,confermato
GOSS.NAS,NAS,confermato
GPC.NAS,NAS,confermato
GPI.NYSE,NYSE,confermato
GPK.NYSE,NYSE,confermato
GPN.NYSE,NYSE,confermato
GPRE.NAS,NAS,confermato
GPRO.NAS,NAS,confermato
GRAB.NAS,NAS,confermato
GRF.MAD,MAD,confermato
GRMN.NYSE,NYSE,confermato
GRPN.NAS,NAS,confermato
GRWG.NAS,NAS,confermato
GRYP.NAS,NAS,confermato
GS.NYSE,NYSE,confermato
GSIT.NAS,NAS,confermato
GSK.LSE,LSE,confermato
GSK.NYSE,NYSE,confermato
GT.NAS,NAS,confermato
GTM.NAS,NAS,confermato
GTN.NYSE,NYSE,confermato
GTY.NYSE,NYSE,confermato
GVA.NYSE,NYSE,confermato
GWRE.NYSE,NYSE,confermato
GWW.NYSE,NYSE,confermato
H.NYSE,NYSE,confermato
HAE.NYSE,NYSE,confermato
HAIN.NAS,NAS,confermato
HAL.NYSE,NYSE,confermato
HALO.NAS,NAS,confermato
HAS.LSE,LSE,confermato
HAS.NAS,NAS,confermato
HASI.NYSE,NYSE,confermato
HBAN.NAS,NAS,confermato
HBI.NYSE,NYSE,confermato
HCA.NYSE,NYSE,confermato
HD.NYSE,NYSE,confermato
HEAR.NAS,NAS,confermato
HEI.ETR,ETR,confermato
HEI.NYSE,NYSE,confermato
HEIA.AMS,AMS,confermato
HEN3.ETR,ETR,confermato
HGV.NYSE,NYSE,confermato
HIG.NYSE,NYSE,confermato
HII.NYSE,NYSE,confermato
HIW.NYSE,NYSE,confermato
HLF.NYSE,NYSE,confermato
HLIT.NAS,NAS,confermato
HLMA.LSE,LSE,confermato
HLT.NYSE,NYSE,confermato
HLX.NYSE,NYSE,confermato
HMC.NYSE,NYSE,confermato
HMSO.LSE,LSE,confermato
HMY.NYSE,NYSE,confermato
HNR1.ETR,ETR,confermato
HO.PAR,PAR,confermato
HOG.NYSE,NYSE,confermato
HON.NYSE,NYSE,confermato
HOOD.NAS,NAS,confermato
HOT.ETR,ETR,confermato
HP.NYSE,NYSE,confermato
HPE.NYSE,NYSE,confermato
HPP.NYSE,NYSE,confermato
HPQ.NYSE,NYSE,confermato
HQY.NAS,NAS,confermato
HR.NYSE,NYSE,confermato
HRB.NYSE,NYSE,confermato
HRL.NYSE,NYSE,confermato
HSBA.LSE,LSE,confermato
HSBC.NYSE,NYSE,confermato
HSIC.NAS,NAS,confermato
HST.NAS,NAS,confermato
HSY.NYSE,NYSE,confermato
HTGC.NYSE,NYSE,confermato
HTHT.NAS,NAS,confermato
HTT.NYSE,NYSE,confermato
HUBB.NYSE,NYSE,confermato
HUBS.NYSE,NYSE,confermato
HUM.NYSE,NYSE,confermato
HUN.NYSE,NYSE,confermato
HWM.NYSE,NYSE,confermato
HXL.NYSE,NYSE,confermato
HYLN.NYSE,NYSE,confermato
HYT.NYSE,NYSE,confermato
IAG.LSE,LSE,confermato
IBB.NAS,NAS,confermato
IBE.MAD,MAD,confermato
IBKR.NAS,NAS,confermato
IBM.NYSE,NYSE,confermato
IBP.NYSE,NYSE,confermato
ICAD.PAR,PAR,confermato
ICE.NYSE,NYSE,confermato
ICGIN.LSE,LSE,confermato
IDA.NYSE,NYSE,confermato
IDCC.NAS,NAS,confermato
IDR.MAD,MAD,confermato
IDXX.NAS,NAS,confermato
IEF.NAS,NAS,confermato
IEP.NAS,NAS,confermato
IEX.NYSE,NYSE,confermato
IFF.NYSE,NYSE,confermato
IFRX.NAS,NAS,confermato
IFX.ETR,ETR,confermato
IGT.NYSE,NYSE,confermato
IHRT.NAS,NAS,confermato
IHS.NYSE,NYSE,confermato
IIPR.NYSE,NYSE,confermato
ILMN.NAS,NAS,confermato
ILPT.NAS,NAS,confermato
IMAX.NYSE,NYSE,confermato
IMB.LSE,LSE,confermato
IMI.LSE,LSE,confermato
INCY.NAS,NAS,confermato
INF.LSE,LSE,confermato
INFY.NYSE,NYSE,confermato
ING.NYSE,NYSE,confermato
INGA.AMS,AMS,confermato
INGN.NAS,NAS,confermato
INGR.NYSE,NYSE,confermato
INN.NYSE,NYSE,confermato
INO.NAS,NAS,confermato
INSG.NAS,NAS,confermato
INTC.NAS,NAS,confermato
INTU.NAS,NAS,confermato
INVH.NYSE,NYSE,confermato
IONS.NAS,NAS,confermato
IPGP.NAS,NAS,confermato
IR.NYSE,NYSE,confermato
IRDM.NAS,NAS,confermato
IRM.NYSE,NYSE,confermato
IRT.NYSE,NYSE,confermato
IRTC.NAS,NAS,confermato
ISRG.NAS,NAS,confermato
ISTB.NAS,NAS,confermato
IT.NYSE,NYSE,confermato
ITRK.LSE,LSE,confermato
ITUB.NYSE,NYSE,confermato
ITV.LSE,LSE,confermato
ITW.NYSE,NYSE,confermato
ITX.MAD,MAD,confermato
IUSB.NAS,NAS,confermato
IUSG.NAS,NAS,confermato
IUSV.NAS,NAS,confermato
IVR.NYSE,NYSE,confermato
IVZ.NYSE,NYSE,confermato
IXUS.NAS,NAS,confermato
IZEA.NAS,NAS,confermato
J.NYSE,NYSE,confermato
JACK.NAS,NAS,confermato
JAZZ.NAS,NAS,confermato
JBGS.NYSE,NYSE,confermato
JBHT.NAS,NAS,confermato
JBL.NYSE,NYSE,confermato
JBLU.NAS,NAS,confermato
JBTM.NYSE,NYSE,confermato
JCDX.PAR,PAR,confermato
JCI.NYSE,NYSE,confermato
JEF.NYSE,NYSE,confermato
JFU.NAS,NAS,confermato
JKHY.NAS,NAS,confermato
JLL.NYSE,NYSE,confermato
JMAT.LSE,LSE,confermato
JMIA.NYSE,NYSE,confermato
JNJ.NYSE,NYSE,confermato
JOE.NYSE,NYSE,confermato
JOUT.NAS,NAS,confermato
JPM.NYSE,NYSE,confermato
JUP.LSE,LSE,confermato
K.NYSE,NYSE,confermato
KAR.NYSE,NYSE,confermato
KBH.NYSE,NYSE,confermato
KBR.NYSE,NYSE,confermato
KCO.ETR,ETR,confermato
KDP.NAS,NAS,confermato
KEN.NYSE,NYSE,confermato
KER.PAR,PAR,confermato
KEY.NYSE,NYSE,confermato
KEYS.NYSE,NYSE,confermato
KGC.NYSE,NYSE,confermato
KGF.LSE,LSE,confermato
KGX.ETR,ETR,confermato
KHC.NAS,NAS,confermato
KIM.NYSE,NYSE,confermato
KKR.NYSE,NYSE,confermato
KLAC.NAS,NAS,confermato
KLRS.NAS,NAS,confermato
KMB.NAS,NAS,confermato
KMI.NYSE,NYSE,confermato
KMT.NYSE,NYSE,confermato
KMX.NYSE,NYSE,confermato
KNDI.NAS,NAS,confermato
KNX.NYSE,NYSE,confermato
KO.NYSE,NYSE,confermato
KOS.NYSE,NYSE,confermato
KPN.AMS,AMS,confermato
KR.NYSE,NYSE,confermato
KRC.NYSE,NYSE,confermato
KRN.ETR,ETR,confermato
KRO.NYSE,NYSE,confermato
KSS.NYSE,NYSE,confermato
KTOS.NAS,NAS,confermato
KVUE.NYSE,NYSE,confermato
L.NYSE,NYSE,confermato
LAD.NYSE,NYSE,confermato
LAMR.NAS,NAS,confermato
LAND.LSE,LSE,confermato
LAND.NAS,NAS,confermato
LAW.NYSE,NYSE,confermato
LAZ.NYSE,NYSE,confermato
LBRDA.NAS,NAS,confermato
LBRDK.NAS,NAS,confermato
LBRT.NYSE,NYSE,confermato
LBTYA.NAS,NAS,confermato
LBTYK.NAS,NAS,confermato
LDOS.NYSE,NYSE,confermato
LEA.NYSE,NYSE,confermato
LECO.NAS,NAS,confermato
LEG.NYSE,NYSE,confermato
LEN.NYSE,NYSE,confermato
LEVI.NYSE,NYSE,confermato
LGEN.LSE,LSE,confermato
LH.NYSE,NYSE,confermato
LHA.ETR,ETR,confermato
LHX.NYSE,NYSE,confermato
LIN.ETR,ETR,confermato
LIN.NAS,NAS,confermato
LITE.NAS,NAS,confermato
LKFT.AMS,AMS,confermato
LKQ.NAS,NAS,confermato
LLOY.LSE,LSE,confermato
LLY.NYSE,NYSE,confermato
LMND.NYSE,NYSE,confermato
LMT.NYSE,NYSE,confermato
LNC.NYSE,NYSE,confermato
LNT.NAS,NAS,confermato
LOGI.NAS,NAS,confermato
LOW.NYSE,NYSE,confermato
LPLA.NAS,NAS,confermato
LPSN.NAS,NAS,confermato
LR.PAR,PAR,confermato
LRCX.NAS,NAS,confermato
LSCC.NAS,NAS,confermato
LSE.LSE,LSE,confermato
LU.NYSE,NYSE,confermato
LULU.NAS,NAS,confermato
LUMN.NYSE,NYSE,confermato
LUV.NYSE,NYSE,confermato
LVS.NYSE,NYSE,confermato
LW.NYSE,NYSE,confermato
LXP.NYSE,NYSE,confermato
LXRX.NAS,NAS,confermato
LXS.ETR,ETR,confermato
LXU.NYSE,NYSE,confermato
LYB.NYSE,NYSE,confermato
LYFT.NAS,NAS,confermato
LYG.NYSE,NYSE,confermato
LYV.NYSE,NYSE,confermato
M.NYSE,NYSE,confermato
M5Z.ETR,ETR,confermato
MA.NYSE,NYSE,confermato
MAA.NYSE,NYSE,confermato
MAC.NYSE,NYSE,confermato
MAIN.NYSE,NYSE,confermato
MAN.NYSE,NYSE,confermato
MANU.NYSE,NYSE,confermato
MAP.MAD,MAD,confermato
MARA.NAS,NAS,confermato
MARK.NAS,NAS,confermato
MAS.NYSE,NYSE,confermato
MAT.NAS,NAS,confermato
MAU.PAR,PAR,confermato
MC.PAR,PAR,confermato
MCD.NYSE,NYSE,confermato
MCHI.NAS,NAS,confermato
MCHP.NAS,NAS,confermato
MCK.NYSE,NYSE,confermato
MCO.NYSE,NYSE,confermato
MCRB.NAS,NAS,confermato
MD.NYSE,NYSE,confermato
MDB.NAS,NAS,confermato
MDIV.NAS,NAS,confermato
MDLZ.NAS,NAS,confermato
MDT.NYSE,NYSE,confermato
MED.NYSE,NYSE,confermato
MEL.MAD,MAD,confermato
MELI.NAS,NAS,confermato
MET.NYSE,NYSE,confermato
MFA.NYSE,NYSE,confermato
MGM.NYSE,NYSE,confermato
MGY.NYSE,NYSE,confermato
MHK.NYSE,NYSE,confermato
MITK.NAS,NAS,confermato
MITT.NYSE,NYSE,confermato
MKC.NYSE,NYSE,confermato
MKL.NYSE,NYSE,confermato
MKS.LSE,LSE,confermato
MKSI.NAS,NAS,confermato
MKTX.NAS,NAS,confermato
ML.PAR,PAR,confermato
MLCO.NAS,NAS,confermato
MLM.NYSE,NYSE,confermato
MMB.PAR,PAR,confermato
MMI.NYSE,NYSE,confermato
MMM.NYSE,NYSE,confermato
MMYT.NAS,NAS,confermato
MNDI.LSE,LSE,confermato
MNDY.NAS,NAS,confermato
MNKD.NAS,NAS,confermato
MNST.NAS,NAS,confermato
MO.NYSE,NYSE,confermato
MOH.NYSE,NYSE,confermato
MOMO.NAS,NAS,confermato
MORN.NAS,NAS,confermato
MOS.NYSE,NYSE,confermato
MPC.NYSE,NYSE,confermato
MPLX.NYSE,NYSE,confermato
MPT.NYSE,NYSE,confermato
MPWR.NAS,NAS,confermato
MRCY.NAS,NAS,confermato
MRK.ETR,ETR,confermato
MRK.NYSE,NYSE,confermato
MRL.MAD,MAD,confermato
MRNA.NAS,NAS,confermato
MRO.LSE,LSE,confermato
MRSH.NYSE,NYSE,confermato
MRVL.NAS,NAS,confermato
MS.NYSE,NYSE,confermato
MSCI.NYSE,NYSE,confermato
MSFT.NAS,NAS,confermato
MSGS.NYSE,NYSE,confermato
MSI.NYSE,NYSE,confermato
MSTR.NAS,NAS,confermato
MTB.NYSE,NYSE,confermato
MTCH.NAS,NAS,confermato
MTD.NYSE,NYSE,confermato
MTDR.NYSE,NYSE,confermato
MTH.NYSE,NYSE,confermato
MTN.NYSE,NYSE,confermato
MTS.MAD,MAD,confermato
MTUS.NYSE,NYSE,confermato
MTW.NYSE,NYSE,confermato
MTX.ETR,ETR,confermato
MTZ.NYSE,NYSE,confermato
MU.NAS,NAS,confermato
MUR.NYSE,NYSE,confermato
MUSA.NYSE,NYSE,confermato
MUV2.ETR,ETR,confermato
MUX.NYSE,NYSE,confermato
MVIS.NAS,NAS,confermato
MVRS.NAS,NAS,confermato
MWA.NYSE,NYSE,confermato
MX.NYSE,NYSE,confermato
NAT.NYSE,NYSE,confermato
NAVI.NAS,NAS,confermato
NBIX.NAS,NAS,confermato
NBR.NYSE,NYSE,confermato
NCLH.NYSE,NYSE,confermato
NCMI.NAS,NAS,confermato
NCR.NYSE,NYSE,confermato
NDA.ETR,ETR,confermato
NDAQ.NAS,NAS,confermato
NDLS.NAS,NAS,confermato
NDSN.NAS,NAS,confermato
NDX1.ETR,ETR,confermato
NEE.NYSE,NYSE,confermato
NEM.ETR,ETR,confermato
NEM.NYSE,NYSE,confermato
NERV.NAS,NAS,confermato
NET.NYSE,NYSE,confermato
NFLX.NAS,NAS,confermato
NG.LSE,LSE,confermato
NICE.NAS,NAS,confermato
NIO.NYSE,NYSE,confermato
NIU.NAS,NAS,confermato
NKE.NYSE,NYSE,confermato
NKTR.NAS,NAS,confermato
NLY.NYSE,NYSE,confermato
NMIH.NAS,NAS,confermato
NMRK.NAS,NAS,confermato
NN.AMS,AMS,confermato
NNDM.NAS,NAS,confermato
NNN.NYSE,NYSE,confermato
NOC.NYSE,NYSE,confermato
NOEJ.ETR,ETR,confermato
NOK.NYSE,NYSE,confermato
NOMD.NYSE,NYSE,confermato
NOV.NYSE,NYSE,confermato
NOW.NYSE,NYSE,confermato
NRG.NYSE,NYSE,confermato
NSA.NYSE,NYSE,confermato
NSC.NYSE,NYSE,confermato
NSLR.NAS,NAS,confermato
NSP.NYSE,NYSE,confermato
NTAP.NAS,NAS,confermato
NTES.NAS,NAS,confermato
NTGY.MAD,MAD,confermato
NTLA.NAS,NAS,confermato
NTNX.NAS,NAS,confermato
NTRA.NAS,NAS,confermato
NTRS.NAS,NAS,confermato
NUE.NYSE,NYSE,confermato
NUS.NYSE,NYSE,confermato
NVAX.NAS,NAS,confermato
NVCR.NAS,NAS,confermato
NVDA.NAS,NAS,confermato
NVGS.NYSE,NYSE,confermato
NVR.NYSE,NYSE,confermato
NVS.NYSE,NYSE,confermato
NWL.NAS,NAS,confermato
NWS.NAS,NAS,confermato
NXT.LSE,LSE,confermato
NYMT.NAS,NAS,confermato
NYT.NYSE,NYSE,confermato
O.NYSE,NYSE,confermato
O2D.ETR,ETR,confermato
OCGN.NAS,NAS,confermato
OCUL.NAS,NAS,confermato
ODFL.NAS,NAS,confermato
OHI.NYSE,NYSE,confermato
OKE.NYSE,NYSE,confermato
OKTA.NAS,NAS,confermato
OLED.NAS,NAS,confermato
OLLI.NAS,NAS,confermato
OLN.NYSE,NYSE,confermato
OMC.NYSE,NYSE,confermato
ON.NAS,NAS,confermato
ONTO.NYSE,NYSE,confermato
OPK.NAS,NAS,confermato
OPLN.NYSE,NYSE,confermato
OPM.PAR,PAR,confermato
OPTU.NYSE,NYSE,confermato
OR.PAR,PAR,confermato
ORA.NYSE,NYSE,confermato
ORA.PAR,PAR,confermato
ORCL.NYSE,NYSE,confermato
ORI.NYSE,NYSE,confermato
ORLY.NAS,NAS,confermato
OSK.NYSE,NYSE,confermato
OSUR.NAS,NAS,confermato
OTIS.NYSE,NYSE,confermato
OUT.NYSE,NYSE,confermato
OVID.NAS,NAS,confermato
P.NYSE,NYSE,confermato
P911.ETR,ETR,confermato
PAA.NAS,NAS,confermato
PACB.NAS,NAS,confermato
PAG.NYSE,NYSE,confermato
PAGP.NAS,NAS,confermato
PAGS.NYSE,NYSE,confermato
PAH3.ETR,ETR,confermato
PANW.NYSE,NYSE,confermato
PAYC.NYSE,NYSE,confermato
PBA.NYSE,NYSE,confermato
PBF.NYSE,NYSE,confermato
PBI.NYSE,NYSE,confermato
PBR.NYSE,NYSE,confermato
PBT.NYSE,NYSE,confermato
PCAR.NAS,NAS,confermato
PCG.NYSE,NYSE,confermato
PCTY.NAS,NAS,confermato
PCVX.NAS,NAS,confermato
PD.NYSE,NYSE,confermato
PDD.NAS,NAS,confermato
PDM.NYSE,NYSE,confermato
PEB.NYSE,NYSE,confermato
PEG.NYSE,NYSE,confermato
PEGA.NAS,NAS,confermato
PEN.NYSE,NYSE,confermato
PENN.NAS,NAS,confermato
PEP.NAS,NAS,confermato
PFE.NYSE,NYSE,confermato
PFF.NAS,NAS,confermato
PFG.NAS,NAS,confermato
PFGC.NYSE,NYSE,confermato
PFV.ETR,ETR,confermato
PG.NYSE,NYSE,confermato
PGEN.NAS,NAS,confermato
PGNY.NAS,NAS,confermato
PGR.NYSE,NYSE,confermato
PH.NYSE,NYSE,confermato
PHIA.AMS,AMS,confermato
PHK.NYSE,NYSE,confermato
PHM.NYSE,NYSE,confermato
PINE.NYSE,NYSE,confermato
PINS.NYSE,NYSE,confermato
PK.NYSE,NYSE,confermato
PLAY.NAS,NAS,confermato
PLCE.NAS,NAS,confermato
PLD.NYSE,NYSE,confermato
PLNT.NYSE,NYSE,confermato
PLTR.NAS,NAS,confermato
PLUG.NAS,NAS,confermato
PM.NYSE,NYSE,confermato
PNC.NYSE,NYSE,confermato
PNR.NYSE,NYSE,confermato
PNW.NYSE,NYSE,confermato
PODD.NAS,NAS,confermato
POOL.NAS,NAS,confermato
POWI.NAS,NAS,confermato
PPG.NYSE,NYSE,confermato
PPL.NYSE,NYSE,confermato
PPLI.NAS,NAS,confermato
PRG.NYSE,NYSE,confermato
PRGO.NYSE,NYSE,confermato
PRQR.NAS,NAS,confermato
PRU.LSE,LSE,confermato
PRU.NYSE,NYSE,confermato
PSA.NYSE,NYSE,confermato
PSEC.NAS,NAS,confermato
PSM.ETR,ETR,confermato
PSN.LSE,LSE,confermato
PSX.NYSE,NYSE,confermato
PTC.NAS,NAS,confermato
PTEN.NAS,NAS,confermato
PTON.NAS,NAS,confermato
PTY.NYSE,NYSE,confermato
PUB.PAR,PAR,confermato
PUMP.NYSE,NYSE,confermato
PVH.NYSE,NYSE,confermato
PWR.NYSE,NYSE,confermato
PYPL.NAS,NAS,confermato
PZZA.NAS,NAS,confermato
QCOM.NAS,NAS,confermato
QDEL.NAS,NAS,confermato
QFIN.NAS,NAS,confermato
QIA.ETR,ETR,confermato
QRVO.NAS,NAS,confermato
QS.NAS,NAS,confermato
QS.NYSE,NYSE,confermato
QTWO.NYSE,NYSE,confermato
QURE.NAS,NAS,confermato
R.NYSE,NYSE,confermato
RACE.NYSE,NYSE,confermato
RAND.AMS,AMS,confermato
RBLX.NYSE,NYSE,confermato
RCL.NYSE,NYSE,confermato
RCO.PAR,PAR,confermato
RDN.NYSE,NYSE,confermato
RDWR.NAS,NAS,confermato
REL.LSE,LSE,confermato
REP.MAD,MAD,confermato
RERE.NYSE,NYSE,confermato
REXR.NYSE,NYSE,confermato
RF.NYSE,NYSE,confermato
RGA.NYSE,NYSE,confermato
RGS.NAS,NAS,confermato
RH.NYSE,NYSE,confermato
RHI.NYSE,NYSE,confermato
RHK.ETR,ETR,confermato
RHM.ETR,ETR,confermato
RI.PAR,PAR,confermato
RIG.NYSE,NYSE,confermato
RIO.LSE,LSE,confermato
RIOT.NAS,NAS,confermato
RJF.NYSE,NYSE,confermato
RKT.NYSE,NYSE,confermato
RL.NYSE,NYSE,confermato
RLJ.NYSE,NYSE,confermato
RMAX.NYSE,NYSE,confermato
RMBS.NAS,NAS,confermato
RMD.NYSE,NYSE,confermato
RMS.PAR,PAR,confermato
RNG.NYSE,NYSE,confermato
RNO.PAR,PAR,confermato
RNR.NYSE,NYSE,confermato
ROK.NYSE,NYSE,confermato
ROL.NYSE,NYSE,confermato
ROP.NAS,NAS,confermato
RPD.NAS,NAS,confermato
RPM.NYSE,NYSE,confermato
RPRX.NAS,NAS,confermato
RR.LSE,LSE,confermato
RRC.NYSE,NYSE,confermato
RRGB.NAS,NAS,confermato
RRTL.ETR,ETR,confermato
RS.NYSE,NYSE,confermato
RSG.NYSE,NYSE,confermato
RTO.LSE,LSE,confermato
RTX.NYSE,NYSE,confermato
RVLV.NYSE,NYSE,confermato
RVTY.NYSE,NYSE,confermato
RWE.ETR,ETR,confermato
RWT.NYSE,NYSE,confermato
RY.NYSE,NYSE,confermato
RYAAY.NAS,NAS,confermato
RYAM.NYSE,NYSE,confermato
RYN.NYSE,NYSE,confermato
SAB.MAD,MAD,confermato
SABR.NAS,NAS,confermato
SAF.PAR,PAR,confermato
SAH.NYSE,NYSE,confermato
SAM.NYSE,NYSE,confermato
SAMG.NAS,NAS,confermato
SAN.MAD,MAD,confermato
SAN.NYSE,NYSE,confermato
SAN.PAR,PAR,confermato
SANM.NAS,NAS,confermato
SAP.ETR,ETR,confermato
SAR.NYSE,NYSE,confermato
SB.NYSE,NYSE,confermato
SBAC.NAS,NAS,confermato
SBGI.NAS,NAS,confermato
SBH.NYSE,NYSE,confermato
SBLK.NAS,NAS,confermato
SBMO.AMS,AMS,confermato
SBRA.NAS,NAS,confermato
SBRY.LSE,LSE,confermato
SBS.NYSE,NYSE,confermato
SBSW.NYSE,NYSE,confermato
SBT.NAS,NAS,confermato
SBUX.NAS,NAS,confermato
SCCO.NYSE,NYSE,confermato
SCHW.NYSE,NYSE,confermato
SCI.NYSE,NYSE,confermato
SCL.NYSE,NYSE,confermato
SCM.NYSE,NYSE,confermato
SDF.ETR,ETR,confermato
SDGR.NAS,NAS,confermato
SDR.LSE,LSE,confermato
SEDG.NAS,NAS,confermato
SEIC.NAS,NAS,confermato
SFIX.NAS,NAS,confermato
SFM.NAS,NAS,confermato
SFNC.NAS,NAS,confermato
SGA.NAS,NAS,confermato
SGE.LSE,LSE,confermato
SGHT.NAS,NAS,confermato
SGI.NYSE,NYSE,confermato
SGL.ETR,ETR,confermato
SGO.PAR,PAR,confermato
SGRO.LSE,LSE,confermato
SHBI.NAS,NAS,confermato
SHEN.NAS,NAS,confermato
SHG.NYSE,NYSE,confermato
SHLS.NAS,NAS,confermato
SHO.NYSE,NYSE,confermato
SHOE.NAS,NAS,confermato
SHV.NYSE,NYSE,confermato
SHY.NAS,NAS,confermato
SIE.ETR,ETR,confermato
SIFY.NAS,NAS,confermato
SIG.NYSE,NYSE,confermato
SILC.NAS,NAS,confermato
SIMO.NAS,NAS,confermato
SITC.NYSE,NYSE,confermato
SITM.NAS,NAS,confermato
SKG.LSE,LSE,confermato
SKM.NYSE,NYSE,confermato
SKYW.NAS,NAS,confermato
SKYY.NAS,NAS,confermato
SLAB.NAS,NAS,confermato
SLB.NYSE,NYSE,confermato
SLG.NYSE,NYSE,confermato
SLM.NAS,NAS,confermato
SM.NYSE,NYSE,confermato
SMG.NYSE,NYSE,confermato
SMH.NAS,NAS,confermato
SMHN.ETR,ETR,confermato
SMIN.LSE,LSE,confermato
SMP.NYSE,NYSE,confermato
SMT.LSE,LSE,confermato
SMTC.NAS,NAS,confermato
SMWB.NYSE,NYSE,confermato
SN.LSE,LSE,confermato
SNA.NYSE,NYSE,confermato
SNAP.NYSE,NYSE,confermato
SNDL.NAS,NAS,confermato
SNDX.NAS,NAS,confermato
SNEX.NAS,NAS,confermato
SNOW.NYSE,NYSE,confermato
SNPS.NAS,NAS,confermato
SNSR.NAS,NAS,confermato
SNX.NYSE,NYSE,confermato
SO.NYSE,NYSE,confermato
SOFI.NAS,NAS,confermato
SON.NYSE,NYSE,confermato
SONO.NAS,NAS,confermato
SOXX.NAS,NAS,confermato
SPB.NYSE,NYSE,confermato
SPCE.NYSE,NYSE,confermato
SPCX.NAS,NAS,confermato
SPG.NYSE,NYSE,confermato
SPOT.NYSE,NYSE,confermato
SPR.NYSE,NYSE,confermato
SPWH.NAS,NAS,confermato
SQ.NYSE,NYSE,confermato
SRE.NYSE,NYSE,confermato
SRG.NYSE,NYSE,confermato
SRP.LSE,LSE,confermato
SRPT.NAS,NAS,confermato
SRT.ETR,ETR,confermato
SSNC.NAS,NAS,confermato
SSRM.NAS,NAS,confermato
SSTI.NAS,NAS,confermato
SSTK.NYSE,NYSE,confermato
STAG.NYSE,NYSE,confermato
STAN.LSE,LSE,confermato
STE.NYSE,NYSE,confermato
STEM.NYSE,NYSE,confermato
STEP.NAS,NAS,confermato
STGW.NAS,NAS,confermato
STJ.LSE,LSE,confermato
STK.NYSE,NYSE,confermato
STLA.NYSE,NYSE,confermato
STLD.NAS,NAS,confermato
STN.NYSE,NYSE,confermato
STNE.NAS,NAS,confermato
STNG.NYSE,NYSE,confermato
STOK.NAS,NAS,confermato
STRL.NAS,NAS,confermato
STT.NYSE,NYSE,confermato
STVN.NYSE,NYSE,confermato
STWD.NYSE,NYSE,confermato
STX.NAS,NAS,confermato
STXS.NYSE,NYSE,confermato
STZ.NYSE,NYSE,confermato
SU.PAR,PAR,confermato
SUNB.LSE,LSE,confermato
SVC.NAS,NAS,confermato
SVT.LSE,LSE,confermato
SW.PAR,PAR,confermato
SWBI.NAS,NAS,confermato
SWK.NYSE,NYSE,confermato
SWKS.NAS,NAS,confermato
SWN.NYSE,NYSE,confermato
SXI.NYSE,NYSE,confermato
SXT.NYSE,NYSE,confermato
SY.NAS,NAS,confermato
SY1.ETR,ETR,confermato
SYF.NYSE,NYSE,confermato
SYK.NYSE,NYSE,confermato
SYNA.NAS,NAS,confermato
SYRE.NAS,NAS,confermato
SYY.NYSE,NYSE,confermato
SZG.ETR,ETR,confermato
SZU.ETR,ETR,confermato
T.NYSE,NYSE,confermato
TAK.NYSE,NYSE,confermato
TAL.NYSE,NYSE,confermato
TALO.NYSE,NYSE,confermato
TAP.NYSE,NYSE,confermato
TCOM.NAS,NAS,confermato
TDAY.NYSE,NYSE,confermato
TDC.NYSE,NYSE,confermato
TDG.NYSE,NYSE,confermato
TDOC.NYSE,NYSE,confermato
TDUP.NAS,NAS,confermato
TDW.NYSE,NYSE,confermato
TDY.NYSE,NYSE,confermato
TEAM.NAS,NAS,confermato
TECH.NAS,NAS,confermato
TECK.NYSE,NYSE,confermato
TEF.MAD,MAD,confermato
TEG.ETR,ETR,confermato
TEL.NYSE,NYSE,confermato
TER.NAS,NAS,confermato
TEVA.NYSE,NYSE,confermato
TFC.NYSE,NYSE,confermato
TFSL.NAS,NAS,confermato
TFX.NYSE,NYSE,confermato
TGNA.NYSE,NYSE,confermato
TGT.NYSE,NYSE,confermato
THC.NYSE,NYSE,confermato
THG.NYSE,NYSE,confermato
THO.NYSE,NYSE,confermato
THR.NYSE,NYSE,confermato
THRY.NAS,NAS,confermato
TIGO.NAS,NAS,confermato
TJX.NYSE,NYSE,confermato
TKA.ETR,ETR,confermato
TKR.NYSE,NYSE,confermato
TLPH.NAS,NAS,confermato
TLRY.NAS,NAS,confermato
TLW.LSE,LSE,confermato
TLX.ETR,ETR,confermato
TLYS.NYSE,NYSE,confermato
TM.NYSE,NYSE,confermato
TME.NYSE,NYSE,confermato
TMHC.NYSE,NYSE,confermato
TMO.NYSE,NYSE,confermato
TMUS.NAS,NAS,confermato
TNDM.NAS,NAS,confermato
TNXP.NAS,NAS,confermato
TOL.NYSE,NYSE,confermato
TOM2.AMS,AMS,confermato
TPC.NYSE,NYSE,confermato
TPK.LSE,LSE,confermato
TPR.NYSE,NYSE,confermato
TQQQ.NAS,NAS,confermato
TRAW.NAS,NAS,confermato
TRE.MAD,MAD,confermato
TREE.NAS,NAS,confermato
TREX.NYSE,NYSE,confermato
TRGP.NYSE,NYSE,confermato
TRIP.NAS,NAS,confermato
TRMB.NAS,NAS,confermato
TRNO.NYSE,NYSE,confermato
TROW.NAS,NAS,confermato
TROX.NYSE,NYSE,confermato
TRU.NYSE,NYSE,confermato
TRV.NYSE,NYSE,confermato
TRVG.NAS,NAS,confermato
TSBK.NAS,NAS,confermato
TSCO.LSE,LSE,confermato
TSCO.NAS,NAS,confermato
TSEM.NAS,NAS,confermato
TSLA.NAS,NAS,confermato
TSN.NYSE,NYSE,confermato
TT.NYSE,NYSE,confermato
TTC.NYSE,NYSE,confermato
TTD.NAS,NAS,confermato
TTWO.NAS,NAS,confermato
TV.NYSE,NYSE,confermato
TVRD.NAS,NAS,confermato
TWI.NYSE,NYSE,confermato
TWLO.NYSE,NYSE,confermato
TWO.NYSE,NYSE,confermato
TX.NYSE,NYSE,confermato
TXG.NAS,NAS,confermato
TXMD.NAS,NAS,confermato
TXN.NAS,NAS,confermato
TXRH.NAS,NAS,confermato
TXT.NYSE,NYSE,confermato
TYL.NYSE,NYSE,confermato
U.NYSE,NYSE,confermato
UA.NYSE,NYSE,confermato
UAA.NYSE,NYSE,confermato
UAL.NAS,NAS,confermato
UBER.NYSE,NYSE,confermato
UBI.PAR,PAR,confermato
UDR.NYSE,NYSE,confermato
UE.NYSE,NYSE,confermato
UEIC.NAS,NAS,confermato
UG.PAR,PAR,confermato
UGI.NYSE,NYSE,confermato
UHS.NYSE,NYSE,confermato
UHT.NYSE,NYSE,confermato
UL.NYSE,NYSE,confermato
ULTA.NAS,NAS,confermato
ULVR.LSE,LSE,confermato
UMC.NYSE,NYSE,confermato
UNA.AMS,AMS,confermato
UNFI.NYSE,NYSE,confermato
UNH.NYSE,NYSE,confermato
UNIT.NAS,NAS,confermato
UNM.NYSE,NYSE,confermato
UNO1.ETR,ETR,confermato
UNP.NYSE,NYSE,confermato
UPS.NYSE,NYSE,confermato
UPST.NAS,NAS,confermato
UPWK.NAS,NAS,confermato
URBN.NAS,NAS,confermato
URGN.NAS,NAS,confermato
URI.NYSE,NYSE,confermato
URW.AMS,AMS,confermato
USAC.NYSE,NYSE,confermato
USB.NYSE,NYSE,confermato
USFD.NYSE,NYSE,confermato
USIO.NAS,NAS,confermato
USNA.NYSE,NYSE,confermato
UTDI.ETR,ETR,confermato
UTHR.NAS,NAS,confermato
UU.LSE,LSE,confermato
V.NYSE,NYSE,confermato
VAC.NYSE,NYSE,confermato
VALE.NYSE,NYSE,confermato
VC.NAS,NAS,confermato
VCT.PAR,PAR,confermato
VCYT.NAS,NAS,confermato
VECO.NAS,NAS,confermato
VEEV.NYSE,NYSE,confermato
VEON.NAS,NAS,confermato
VET.NYSE,NYSE,confermato
VFC.NYSE,NYSE,confermato
VHC.NAS,NAS,confermato
VIAV.NAS,NAS,confermato
VIE.PAR,PAR,confermato
VINC.NAS,NAS,confermato
VINP.NAS,NAS,confermato
VIOT.NAS,NAS,confermato
VIPS.NYSE,NYSE,confermato
VIR.NAS,NAS,confermato
VIS.MAD,MAD,confermato
VISN.NAS,NAS,confermato
VIV.PAR,PAR,confermato
VK.PAR,PAR,confermato
VKTX.NAS,NAS,confermato
VLO.NYSE,NYSE,confermato
VLRS.NYSE,NYSE,confermato
VMC.NYSE,NYSE,confermato
VNA.ETR,ETR,confermato
VNO.NYSE,NYSE,confermato
VNOM.NAS,NAS,confermato
VOD.LSE,LSE,confermato
VONG.NAS,NAS,confermato
VOW3.ETR,ETR,confermato
VPK.AMS,AMS,confermato
VRA.NAS,NAS,confermato
VREX.NAS,NAS,confermato
VRSK.NAS,NAS,confermato
VRSN.NAS,NAS,confermato
VRTX.NAS,NAS,confermato
VST.NYSE,NYSE,confermato
VSXY.NYSE,NYSE,confermato
VTR.NYSE,NYSE,confermato
VTRS.NAS,NAS,confermato
VUZI.NAS,NAS,confermato
VVI.NYSE,NYSE,confermato
VYGR.NAS,NAS,confermato
VZ.NYSE,NYSE,confermato
W.NYSE,NYSE,confermato
WAB.NYSE,NYSE,confermato
WAF.ETR,ETR,confermato
WAT.NYSE,NYSE,confermato
WATT.NAS,NAS,confermato
WB.NAS,NAS,confermato
WCC.NYSE,NYSE,confermato
WCH.ETR,ETR,confermato
WDAY.NAS,NAS,confermato
WEC.NYSE,NYSE,confermato
WELL.NYSE,NYSE,confermato
WEN.NAS,NAS,confermato
WERN.NAS,NAS,confermato
WEX.NYSE,NYSE,confermato
WFC.NYSE,NYSE,confermato
WGO.NYSE,NYSE,confermato
WHA.AMS,AMS,confermato
WHR.NYSE,NYSE,confermato
WIMI.NAS,NAS,confermato
WIX.NAS,NAS,confermato
WKHS.NAS,NAS,confermato
WKL.AMS,AMS,confermato
WLK.NYSE,NYSE,confermato
WLTW.NAS,NAS,confermato
WM.NYSE,NYSE,confermato
WMB.NYSE,NYSE,confermato
WMG.NAS,NAS,confermato
WMS.NYSE,NYSE,confermato
WMT.NAS,NAS,confermato
WMT.NYSE,NYSE,confermato
WPC.NYSE,NYSE,confermato
WPP.LSE,LSE,confermato
WRB.NYSE,NYSE,confermato
WSM.NYSE,NYSE,confermato
WSO.NYSE,NYSE,confermato
WST.NYSE,NYSE,confermato
WT.NYSE,NYSE,confermato
WTB.LSE,LSE,confermato
WTI.NYSE,NYSE,confermato
WTRG.NYSE,NYSE,confermato
WU.NYSE,NYSE,confermato
WY.NYSE,NYSE,confermato
WYNN.NAS,NAS,confermato
XBIT.NAS,NAS,confermato
XCUR.NAS,NAS,confermato
XEL.NAS,NAS,confermato
XGN.NAS,NAS,confermato
XIFR.NYSE,NYSE,confermato
XNET.NAS,NAS,confermato
XOM.NYSE,NYSE,confermato
XP.NAS,NAS,confermato
XPRO.NYSE,NYSE,confermato
XRAY.NAS,NAS,confermato
XRN.NYSE,NYSE,confermato
XWEL.NAS,NAS,confermato
XYL.NYSE,NYSE,confermato
XYZ.NYSE,NYSE,confermato
YELP.NYSE,NYSE,confermato
YETI.NYSE,NYSE,confermato
YEXT.NYSE,NYSE,confermato
YUM.NYSE,NYSE,confermato
YUMC.NYSE,NYSE,confermato
Z.NAS,NAS,confermato
ZAL.ETR,ETR,confermato
ZBH.NYSE,NYSE,confermato
ZBRA.NAS,NAS,confermato
ZG.NAS,NAS,confermato
ZIL2.ETR,ETR,confermato
ZION.NAS,NAS,confermato
ZM.NAS,NAS,confermato
ZS.NAS,NAS,confermato
ZTO.NYSE,NYSE,confermato
ZTS.NYSE,NYSE,confermato
ADU.NYSE,NYSE,da_verificare
AFU.NYSE,NYSE,da_verificare
AI.PAR,PAR,da_verificare
AXGN.NAS,NAS,da_verificare
BTI.NYSE,NYSE,da_verificare
CRIS.NAS,NAS,da_verificare
CRMD.NAS,NAS,da_verificare
FYVONK.NAS,NAS,da_verificare
GABC.NAS,NAS,da_verificare
HIHI.NAS,NAS,da_verificare
HUOOVD.NAS,NAS,da_verificare
IQQQ.NAS,NAS,da_verificare
IQV.NYSE,NYSE,da_verificare
LII.NYSE,NYSE,da_verificare
LIIL.NYSE,NYSE,da_verificare
LPX.NYSE,NYSE,da_verificare
LRN.NYSE,NYSE,da_verificare
LTC.NYSE,NYSE,da_verificare
MAR.NAS,NAS,da_verificare
NWSA.NAS,NAS,da_verificare
NXPI.NAS,NAS,da_verificare
NXST.NAS,NAS,da_verificare
OCDO.LSE,LSE,da_verificare
OMU.LSE,LSE,da_verificare
OUI.NYSE,NYSE,da_verificare
OXY.NYSE,NYSE,da_verificare
PAYX.NAS,NAS,da_verificare
PBYI.NAS,NAS,da_verificare
PFC.LSE,LSE,da_verificare
PKG.NYSE,NYSE,da_verificare
PSON.LSE,LSE,da_verificare
RB.LSE,LSE,da_verificare
RCKT.NAS,NAS,da_verificare
RDSB.LSE,LSE,da_verificare
REG.NAS,NAS,da_verificare
REGN.NAS,NAS,da_verificare
RGEN.NAS,NAS,da_verificare
RIGL.NAS,NAS,da_verificare
RINU.PAR,PAR,da_verificare
RIVN.NAS,NAS,da_verificare
RKLB.NAS,NAS,da_verificare
ROIC.NAS,NAS,da_verificare
ROKU.NAS,NAS,da_verificare
ROST.NAS,NAS,da_verificare
RUN.NAS,NAS,da_verificare
RVMD.NAS,NAS,da_verificare
SAVIVG.NAS,NAS,da_verificare
SE.NYSE,NYSE,da_verificare
SGU.NYSE,NYSE,da_verificare
SHAK.NYSE,NYSE,da_verificare
SHEL.NYSE,NYSE,da_verificare
SJM.NYSE,NYSE,da_verificare
SLIL.NYSE,NYSE,da_verificare
SLIVI.NAS,NAS,da_verificare
U.NAS,NAS,da_verificare
UPTU.NYSE,NYSE,da_verificare
UVV.NYSE,NYSE,da_verificare
VSTM.NAS,NAS,da_verificare
VTIP.NAS,NAS,da_verificare
VYNE.NAS,NAS,da_verificare
